Thput (img/s),Bsize,Top-1,Top-5
44.02290020320743,1,0.3578,0.6277
44.07969666715405,1,0.3578,0.6277
44.19528721307308,1,0.3578,0.6277
43.84176672198339,1,0.3578,0.6277
43.7618865386463,1,0.3578,0.6277
43.71737793904849,1,0.3578,0.6277
