Thput (img/s),Bsize,Top-1,Top-5
25.383066267184073,1,0.3332,0.592
25.318012217107828,1,0.3332,0.592
25.389937551122188,1,0.3332,0.592
25.289139076991198,1,0.3332,0.592
25.005139125598607,1,0.3332,0.592
25.07134099674526,1,0.3332,0.592
