Thput (img/s),Bsize,Top-1,Top-5
32.53352693179577,1,0.3647,0.6237
32.33559513396006,1,0.3647,0.6237
32.395282755780435,1,0.3647,0.6237
32.28969787674865,1,0.3647,0.6237
32.35668530485976,1,0.3647,0.6237
32.28306910832931,1,0.3647,0.6237
