Thput (img/s),Bsize,Top-1,Top-5
41.3881558647551,1,0.366,0.6207
41.25109410621132,1,0.366,0.6207
41.0701608802043,1,0.366,0.6207
41.16223843852817,1,0.366,0.6207
40.99809820342523,1,0.366,0.6207
41.21101877028306,1,0.366,0.6207
