Thput (img/s),Bsize,Top-1,Top-5
18.870677106909472,1,0.3703,0.6299
18.640162390675133,1,0.3703,0.6299
18.982999002433335,1,0.3703,0.6299
18.88919224846565,1,0.3703,0.6299
18.96688272022059,1,0.3703,0.6299
19.039096711269835,1,0.3703,0.6299
