Thput (img/s),Bsize,Top-1,Top-5
26.15315959802801,1,0.3354,0.5947
26.126291921728217,1,0.3354,0.5947
26.178514802778214,1,0.3354,0.5947
25.87379043676698,1,0.3354,0.5947
26.260578981946825,1,0.3354,0.5947
26.129530419656263,1,0.3354,0.5947
