Thput (img/s),Bsize,Top-1,Top-5
36.26433716331161,1,0.6853,0.893
40.41491811864747,1,0.6853,0.893
40.95256654927294,1,0.6853,0.893
40.5333814498184,1,0.6853,0.893
41.223743391066634,1,0.6853,0.893
40.49546462187052,1,0.6853,0.893
