Thput (img/s),Bsize,Top-1,Top-5
42.81475828322613,1,0.7497,0.9268
42.590113251646684,1,0.7497,0.9268
42.85189107136712,1,0.7497,0.9268
42.55947634979014,1,0.7497,0.9268
41.947293287750206,1,0.7497,0.9268
42.41802804298538,1,0.7497,0.9268
