Thput (img/s),Bsize,Top-1,Top-5
68.30831951005776,1,0.7411,0.9241
68.33872587112123,1,0.7411,0.9241
68.31712348800113,1,0.7411,0.9241
68.02793743491661,1,0.7411,0.9241
67.89343015911737,1,0.7411,0.9241
66.0722505411857,1,0.7411,0.9241
