Thput (img/s),Bsize,Top-1,Top-5
64.84011491500748,1,0.6994,0.9017
65.96298676174932,1,0.6994,0.9017
66.23749251127612,1,0.6994,0.9017
66.43381922712797,1,0.6994,0.9017
66.10703004652828,1,0.6994,0.9017
66.19249279970514,1,0.6994,0.9017
