Thput (img/s),Bsize,Top-1,Top-5
35.18711683926331,1,0.7402,0.9225
35.30704647340887,1,0.7402,0.9225
35.49973834044081,1,0.7402,0.9225
34.67833996424044,1,0.7402,0.9225
33.0958192348872,1,0.7402,0.9225
33.97807394217101,1,0.7402,0.9225
