Thput (img/s),Bsize,Top-1,Top-5
57.99141295145824,1,0.7429,0.9277
57.617373709501116,1,0.7429,0.9277
57.66157209939569,1,0.7429,0.9277
57.85076711563994,1,0.7429,0.9277
57.88173676591683,1,0.7429,0.9277
57.81511800693505,1,0.7429,0.9277